"","Lfd...Nr.","Beruf.oder.Stand","Geburtsjahr","Stadtteil","Partei"
"1",101,"Geschäftsführende Vorstandsvorsitzende",1992,"Mitte","GRÜNE"
"2",102,"Hochschulprofessor a.D.",1950,"Mitte","GRÜNE"
"3",103,"Studentin",2000,"Oststadt","GRÜNE"
"4",104,"Kulturmanagerin",1978,"Jungingen","GRÜNE"
"5",105,"Ernährungsmedizinische Beraterin",1956,"Weststadt","GRÜNE"
"6",106,"Personal- und Organisationsentwicklerin",1990,"","GRÜNE"
"7",107,"Architektin",1960,"Söflingen","GRÜNE"
"8",108,"Pfarrer",1959,"Weststadt","GRÜNE"
"9",109,"Erzieherin i.R.",1956,"Oststadt","GRÜNE"
"10",110,"Hochschulkanzler",1982,"Lehr","GRÜNE"
"11",111,"Schülerin",2006,"Eselsberg","GRÜNE"
"12",112,"Nanotechnologe",1988,"Weststadt","GRÜNE"
"13",113,"selbst. Eventmanagerin",1976,"Böfingen","GRÜNE"
"14",114,"Angestellter",2005,"Söflingen","GRÜNE"
"15",115,"Dozentin",1953,"Böfingen","GRÜNE"
"16",116,"Gewerkschaftssekretär",1972,"Weststadt","GRÜNE"
"17",117,"Psychologin",1985,"Oststadt","GRÜNE"
"18",118,"Psychotherapeut und Elektroniker",1958,"Söflingen","GRÜNE"
"19",119,"Moderatorin",1984,"Mitte","GRÜNE"
"20",120,"Musiker",1957,"Oststadt","GRÜNE"
"21",121,"Dipl.-Informatikerin",1961,"Eselsberg","GRÜNE"
"22",122,"Student",2003,"Weststadt","GRÜNE"
"23",123,"Chemikerin",1974,"Lehr","GRÜNE"
"24",124,"Freiwilligendienstleistender",2004,"Böfingen","GRÜNE"
"25",125,"selbst. Friseurmeisterin",1998,"Mitte","GRÜNE"
"26",126,"Pfarrer",1976,"Wiblingen","GRÜNE"
"27",127,"Schülerin",2006,"Eselsberg","GRÜNE"
"28",128,"Neurowissenschaftler",1962,"Eselsberg","GRÜNE"
"29",129,"Lehrerin",1967,"Wiblingen","GRÜNE"
"30",130,"Beraterin Sustainable Finance",1999,"Weststadt","GRÜNE"
"31",131,"selbst. Webentwicklerin",1983,"Eselsberg","GRÜNE"
"32",132,"Dipl.-Geologe",1953,"Weststadt","GRÜNE"
"33",133,"Psychologische Psychotherapeutin",1991,"Oststadt","GRÜNE"
"34",134,"Fraktionsgeschäftsführer",1991,"Mitte","GRÜNE"
"35",135,"Ärztin",1978,"Wiblingen","GRÜNE"
"36",136,"Geschäftsführer",1963,"Weststadt","GRÜNE"
"37",137,"Kulturwissenschaftlerin (MA)",1960,"Söflingen","GRÜNE"
"38",138,"Kinderarzt",1952,"Mitte","GRÜNE"
"39",139,"Heilerzieherin i. R.",1957,"Weststadt","GRÜNE"
"40",140,"Kinderarzt i.R.",1940,"Mitte","GRÜNE"
"41",201,"Rechtsanwalt",1966,"Söflingen","CDU"
"42",202,"Dipl.-Informatikerin",1964,"Böfingen","CDU"
"43",203,"Landwirtschaftsmeister",1958,"Gögglingen","CDU"
"44",204,"Schulleiterin i.R.",1953,"Weststadt","CDU"
"45",205,"Generalarzt a.D.",1958,"Lehr","CDU"
"46",206,"Unternehmer",1980,"Lehr","CDU"
"47",207,"Dipl.-Ökonom",1960,"Mitte","CDU"
"48",208,"Unternehmer",1985,"Weststadt","CDU"
"49",209,"Mitarbeiterin im Freiwilligen Sozialen Jahr",2003,"Mähringen","CDU"
"50",210,"Konstrukteur i.R.",1948,"Eselsberg","CDU"
"51",211,"Techniker",1984,"Wiblingen","CDU"
"52",212,"Arzt",1969,"Oststadt","CDU"
"53",213,"Wirtschaftsjuristin",1981,"Oststadt","CDU"
"54",214,"Augenarzt",1944,"Wiblingen","CDU"
"55",215,"Wirtschaftsingenieur",1991,"Oststadt","CDU"
"56",216,"Cloud Software Engineer",1999,"Mitte","CDU"
"57",217,"Politologin",1983,"Weststadt","CDU"
"58",218,"IT-Projektmanager",1978,"Söflingen","CDU"
"59",219,"Regierungsrätin",1986,"Eselsberg","CDU"
"60",220,"Kriminaloberkomissar i.R.",1953,"Oststadt","CDU"
"61",221,"Angestellter",1972,"Grimmelfingen","CDU"
"62",222,"Geschäftsführerin",1966,"Weststadt","CDU"
"63",223,"Wirtschaftsingenieur",1980,"Unterweiler","CDU"
"64",224,"Branddirektor",1968,"Söflingen","CDU"
"65",225,"Gymnasiallehrerin",1968,"Grimmelfingen","CDU"
"66",226,"Gastronom",1975,"Eselsberg","CDU"
"67",227,"selbst. Bauingenieurin",1974,"Unterweiler","CDU"
"68",228,"Dipl.-Ingenieur (FH)",1975,"Weststadt","CDU"
"69",229,"Key-Account-Managerin",1993,"Gögglingen","CDU"
"70",230,"Kieferorthopädin",1965,"Mitte","CDU"
"71",231,"Auszubildende",2004,"Eselsberg","CDU"
"72",232,"Arbeitsmedizinerin",1971,"Eselsberg","CDU"
"73",233,"Sachbearbeiter",1986,"Böfingen","CDU"
"74",234,"selbstständig",1985,"Mitte","CDU"
"75",235,"Soldat",1969,"Eselsberg","CDU"
"76",236,"Land- und Gastwirt",1961,"Ermingen","CDU"
"77",237,"Arzt",1966,"Mitte","CDU"
"78",238,"Politikwissenschaftler",1962,"Mitte","CDU"
"79",239,"Fraktionsgeschäftsführer",1988,"Wiblingen","CDU"
"80",240,"Entwicklungsingenieur",1987,"Eselsberg","CDU"
"81",301,"Landtagsabgeordneter",1960,"Mitte","SPD"
"82",302,"Fraktionsgeschäftsführerin",1949,"Eselsberg","SPD"
"83",303,"Informatiker",1966,"Söflingen","SPD"
"84",304,"Schulleiterin",1967,"Söflingen","SPD"
"85",305,"Arzt",1963,"Söflingen","SPD"
"86",306,"Sozialwissenschaftlerin",1991,"Lehr","SPD"
"87",307,"Richter",1957,"Oststadt","SPD"
"88",308,"Sonderpädagogin M.A.",1966,"Eselsberg","SPD"
"89",309,"Leitender Softwareentwickler",1992,"Oststadt","SPD"
"90",310,"Lehrerin",1979,"Mitte","SPD"
"91",311,"Arzt",1989,"Wiblingen","SPD"
"92",312,"Angestellte Kundendienst",1974,"Eselsberg","SPD"
"93",313,"Hochschulprofessor",1983,"Weststadt","SPD"
"94",314,"Sozialpädagogin",1980,"Eselsberg","SPD"
"95",315,"Kulturmanager",1950,"Mitte","SPD"
"96",316,"Schülerin",2007,"Oststadt","SPD"
"97",317,"Psychologe",1992,"Weststadt","SPD"
"98",318,"Stadtführerin",1953,"Gögglingen","SPD"
"99",319,"Lehrer",1970,"Lehr","SPD"
"100",320,"Geschäftsführerin",1966,"Söflingen","SPD"
"101",321,"Doktorand",1993,"Mitte","SPD"
"102",322,"Gesundheits- und Krankenpflegerin",1990,"Wiblingen","SPD"
"103",323,"Chemiker",1976,"Einsingen","SPD"
"104",324,"Hochschullehrerin",1971,"Lehr","SPD"
"105",325,"Pensionär",1946,"Mitte","SPD"
"106",326,"Hebamme",1963,"Oststadt","SPD"
"107",327,"Geschäftsführer",1966,"Söflingen","SPD"
"108",328,"Einrichtungsleiterin Pflegeheim",1979,"Weststadt","SPD"
"109",329,"Schulleiter",1965,"Weststadt","SPD"
"110",330,"Gewerkschaftssekretärin",1969,"Mitte","SPD"
"111",331,"Soziologe / Politologe",1959,"Eselsberg","SPD"
"112",332,"Friseurin",1969,"Oststadt","SPD"
"113",333,"Druckereihelfer",1964,"Oststadt","SPD"
"114",334,"Betriebsseelsorgerin",1966,"Weststadt","SPD"
"115",335,"techn. Verkaufsberater",1974,"Donaustetten","SPD"
"116",336,"Verwaltungsfachangestellte",1988,"Mitte","SPD"
"117",337,"Arzt",1956,"Eselsberg","SPD"
"118",338,"Friseurin",1972,"Böfingen","SPD"
"119",339,"Hotelier und Gastronom",1986,"Söflingen","SPD"
"120",340,"Juristin",1996,"Weststadt","SPD"
"121",401,"Mechanikermeister",1959,"Böfingen","FWG"
"122",402,"Rechtsanwältin",1977,"Söflingen","FWG"
"123",403,"Einzelunternehmer",1971,"Oststadt","FWG"
"124",404,"Obst- und Gemüsehändler",1997,"Mitte","FWG"
"125",405,"techn. Oberlehrerin",1961,"Mitte","FWG"
"126",406,"Rechtsanwalt",1959,"Söflingen","FWG"
"127",407,"Maler",1959,"Mitte","FWG"
"128",408,"Grafikdesignerin",1996,"Eselsberg","FWG"
"129",409,"Rechtsanwalt",1975,"Oststadt","FWG"
"130",410,"Augenoptikermeister",1976,"Böfingen","FWG"
"131",411,"Steuerberater",1956,"Lehr","FWG"
"132",412,"Medical Manager",1988,"Eggingen","FWG"
"133",413,"Dipl.-Ingenieur (BA)",1970,"Mitte","FWG"
"134",414,"Industriemeister",1986,"Weststadt","FWG"
"135",415,"Bürokauffrau",1974,"Weststadt","FWG"
"136",416,"Geschäftsführer",1990,"Mähringen","FWG"
"137",417,"selbst. Bäckermeister",1995,"Mitte","FWG"
"138",418,"Bankkaufmann",1948,"Söflingen","FWG"
"139",419,"selbst. Unternehmerin",1962,"Böfingen","FWG"
"140",420,"Key-Account-Manager",1975,"Söflingen","FWG"
"141",421,"techn. Sachbearbeiter",1989,"Oststadt","FWG"
"142",422,"Erzieherin",1971,"Oststadt","FWG"
"143",423,"Rechtsanwalt",1986,"Mitte","FWG"
"144",424,"Pilot",1986,"Mitte","FWG"
"145",425,"Vertriebsmitarbeiter",1987,"Eselsberg","FWG"
"146",426,"Rechtsanwältin i.R.",1950,"Mitte","FWG"
"147",427,"selbst. Wirtschaftsinformatiker (B.Sc.)",1986,"Wiblingen","FWG"
"148",428,"Bankbetriebswirt",1977,"Mitte","FWG"
"149",429,"Geschäftsführer",1960,"Söflingen","FWG"
"150",430,"Arzt",1946,"Eselsberg","FWG"
"151",431,"Vertriebsmitarbeiter",1995,"Eselsberg","FWG"
"152",432,"Rechtsanwalt",1975,"Oststadt","FWG"
"153",433,"Dipl.-Ingenieur",1964,"Eselsberg","FWG"
"154",434,"selbst. Geschäftsführer",1971,"Mitte","FWG"
"155",435,"Juwelier",1958,"Weststadt","FWG"
"156",436,"Rentner",1955,"Mitte","FWG"
"157",437,"Verwaltungskraft",1987,"Mitte","FWG"
"158",438,"techn. Objetkmanager",1989,"Söflingen","FWG"
"159",439,"Soziologe",1955,"Eselsberg","FWG"
"160",501,"techn. Oberlehrer i.R.",1948,"Söflingen","UWS"
"161",502,"Polizeibeamter",1961,"Weststadt","UWS"
"162",503,"Försterin",1992,"Ermingen","UWS"
"163",504,"Betonstein- und Terrazzoherstellermeister",1983,"Söflingen","UWS"
"164",505,"Fraktionsgeschäftsführerin",1969,"Söflingen","UWS"
"165",506,"Zimmerermeister",1979,"Söflingen","UWS"
"166",507,"Fotograf",1951,"Wiblingen","UWS"
"167",508,"Biotechnologin",1996,"Söflingen","UWS"
"168",509,"Werbegestalter",1960,"Söflingen","UWS"
"169",510,"Student",1997,"Söflingen","UWS"
"170",511,"Kauffrau im Einzelhandel",2000,"Söflingen","UWS"
"171",512,"Architekt",1959,"Söflingen","UWS"
"172",513,"Augenoptikermeister",1975,"Weststadt","UWS"
"173",514,"Erzieherin",1970,"Söflingen","UWS"
"174",515,"Gymnasiallehrer",1986,"Gögglingen","UWS"
"175",516,"Konstruktionselektrotechniker",1991,"Söflingen","UWS"
"176",517,"Dipl.-Sozialpädagogin",1971,"Söflingen","UWS"
"177",518,"Schornsteinfegermeister",1978,"Söflingen","UWS"
"178",519,"Braumeister",1960,"Söflingen","UWS"
"179",520,"Verwaltungsangestellte",1977,"Söflingen","UWS"
"180",521,"Kriminalbeamter",1976,"Söflingen","UWS"
"181",522,"Floristmeister",1966,"Söflingen","UWS"
"182",523,"Dipl.-Ingenieur agr.",1964,"Söflingen","UWS"
"183",524,"Lehrer",1980,"Söflingen","UWS"
"184",525,"Student",1998,"Söflingen","UWS"
"185",526,"Industriekauffrau",1963,"Weststadt","UWS"
"186",527,"Projektmanager",1966,"Söflingen","UWS"
"187",528,"Schulleiter",1971,"Söflingen","UWS"
"188",529,"Dipl.-Sozialpädagogin (BA)",1978,"Söflingen","UWS"
"189",530,"Dipl.-Ingenieur (FH)",1954,"Söflingen","UWS"
"190",531,"selbst. Immobilienberater",1958,"Söflingen","UWS"
"191",532,"Bankfachwirtin",1980,"Söflingen","UWS"
"192",533,"Kaufmann",1974,"Söflingen","UWS"
"193",534,"Stabshauptmann",1966,"Söflingen","UWS"
"194",535,"Rechtsanwaltsfach- angestellte",1973,"Söflingen","UWS"
"195",536,"Schlossermeister",1954,"Söflingen","UWS"
"196",537,"Kaufmann",1963,"Söflingen","UWS"
"197",538,"Leitung Werkstatt für behinderte Menschen",1967,"Söflingen","UWS"
"198",539,"Physiotherapeut",1985,"Söflingen","UWS"
"199",540,"Friseur",1953,"Söflingen","UWS"
"200",601,"Kommunikationsdesignerin",1980,"Weststadt","FDP"
"201",602,"Kulturmanager",1954,"Söflingen","FDP"
"202",603,"Fachdienstleiterin",1973,"Mitte","FDP"
"203",604,"Dipl.-Ingenieur",1969,"Söflingen","FDP"
"204",605,"Steuerberaterin",1985,"Mitte","FDP"
"205",606,"Rechtsanwalt",1976,"Eselsberg","FDP"
"206",607,"freiberufl. darst. Künstlerin",1995,"Söflingen","FDP"
"207",608,"Dipl.-Kaufmann",1978,"Mitte","FDP"
"208",609,"Physikerin",1975,"Söflingen","FDP"
"209",610,"Unternehmer",1963,"Ermingen","FDP"
"210",611,"Student",1999,"Söflingen","FDP"
"211",612,"Physiker",1985,"Weststadt","FDP"
"212",613,"Dipl.-Ingenieur",1973,"Unterweiler","FDP"
"213",614,"Dipl.-Bühnendarstellerin",1989,"Mitte","FDP"
"214",615,"techn. Betriebswirt",1975,"Böfingen","FDP"
"215",616,"Rechtsanwalt",1981,"Mitte","FDP"
"216",617,"Zollbeamter",1975,"Eselsberg","FDP"
"217",618,"Kauffrau",1950,"Böfingen","FDP"
"218",619,"Lehrer",1988,"Weststadt","FDP"
"219",620,"Serviceassistent",2001,"Wiblingen","FDP"
"220",621,"Student",1995,"Lehr","FDP"
"221",622,"Gastronomin",1983,"Mitte","FDP"
"222",623,"Zahnarzt",1973,"Eselsberg","FDP"
"223",624,"Freie Architektin",1983,"Böfingen","FDP"
"224",625,"Dipl.-Ingenieur",1956,"Böfingen","FDP"
"225",626,"Rechtsanwalt",1954,"Donaustetten","FDP"
"226",627,"Arzt",1994,"Eselsberg","FDP"
"227",628,"Master Physik",1995,"Mitte","FDP"
"228",629,"Unternehmer IT-Services",1968,"Wiblingen","FDP"
"229",630,"Dipl.- Betriebswirt (BA)",1967,"Wiblingen","FDP"
"230",631,"selbst. Unternehmer",1973,"Oststadt","FDP"
"231",632,"Tourismusfachwirtin",1969,"Mitte","FDP"
"232",633,"Bankkaufmann",1999,"Eselsberg","FDP"
"233",634,"Betriebswirtin (FH)",1966,"Weststadt","FDP"
"234",635,"Geschäftsführer",1948,"Ermingen","FDP"
"235",636,"Frauenarzt",1951,"Mitte","FDP"
"236",637,"selbst. Zimmermann",1974,"Söflingen","FDP"
"237",638,"Rentner",1943,"Wiblingen","FDP"
"238",639,"Architektin",1972,"Oststadt","FDP"
"239",640,"Geschäftsführer",1977,"Eselsberg","FDP"
"240",701,"Augenoptikermeister",1953,"Wiblingen","WWG"
"241",702,"selbst. Kaufmann",1961,"Einsingen","WWG"
"242",703,"Regierungsamtmann i.R.",1956,"Wiblingen","WWG"
"243",704,"Floristin",1969,"Gögglingen","WWG"
"244",705,"Krankenschwester",1960,"Gögglingen","WWG"
"245",706,"Maler- und Lackierermeister",1971,"Unterweiler","WWG"
"246",707,"Wirtschaftsingenieur",1986,"Wiblingen","WWG"
"247",708,"Zimmermeister",1968,"Wiblingen","WWG"
"248",709,"Kaufmann",1966,"Unterweiler","WWG"
"249",710,"Mediator",1959,"Wiblingen","WWG"
"250",711,"Lehrer i.R.",1952,"Gögglingen","WWG"
"251",712,"Betriebswirtin",1986,"Wiblingen","WWG"
"252",713,"Industriemeister",1995,"Wiblingen","WWG"
"253",714,"Fußballtrainer",1962,"Wiblingen","WWG"
"254",715,"Student",1999,"Wiblingen","WWG"
"255",716,"Ärztin i.R.",1956,"Wiblingen","WWG"
"256",717,"Augenoptikerin",1954,"Wiblingen","WWG"
"257",718,"Krankenschwester",1967,"Unterweiler","WWG"
"258",719,"IT-Consultant",1993,"Wiblingen","WWG"
"259",720,"Psychologische Beraterin i.R.",1956,"Wiblingen","WWG"
"260",721,"Pensionär",1960,"Wiblingen","WWG"
"261",722,"Mechatroniker",2003,"Wiblingen","WWG"
"262",723,"Projektleiter",1977,"Wiblingen","WWG"
"263",724,"Energieelektroniker",1975,"Wiblingen","WWG"
"264",725,"Rechtsanwaltsfachangestellte",1978,"Wiblingen","WWG"
"265",726,"Innenarchitektin",1981,"Wiblingen","WWG"
"266",727,"freiberufl. Fitnesstrainerin",1980,"Wiblingen","WWG"
"267",728,"Betriebswirt",1970,"Wiblingen","WWG"
"268",729,"Bankkauffrau",1971,"Jungingen","WWG"
"269",730,"selbst. Graveur",1973,"Wiblingen","WWG"
"270",731,"Betriebswirtin",1973,"Wiblingen","WWG"
"271",732,"Bürokraft",1964,"Wiblingen","WWG"
"272",733,"Informatikkauffrau",1979,"Wiblingen","WWG"
"273",734,"Zollbeamter",1975,"Wiblingen","WWG"
"274",735,"Erzieherin",1970,"Wiblingen","WWG"
"275",736,"Bürokauffrau",1981,"Wiblingen","WWG"
"276",737,"Vertriebsleiter",1962,"Wiblingen","WWG"
"277",738,"Verlagskauffrau",1964,"Wiblingen","WWG"
"278",739,"Pensionär",1955,"Wiblingen","WWG"
"279",740,"Techniker",1949,"Wiblingen","WWG"
"280",801,"Kinderärztin i.R.",1951,"Lehr","UVL"
"281",802,"Bankkaufmann",1972,"Jungingen","UVL"
"282",803,"staatl. anerkannte Erzieherin",1999,"Mähringen","UVL"
"283",804,"Dipl. Betriebswirt (BA)",1962,"Lehr","UVL"
"284",805,"Verkäuferin",1966,"Jungingen","UVL"
"285",806,"Speditionskaufmann",1969,"Mähringen","UVL"
"286",807,"Landwirtschaftsmeister",1985,"Lehr","UVL"
"287",808,"Justizvollzugsbeamter",1970,"Jungingen","UVL"
"288",809,"Rentner",1950,"Lehr","UVL"
"289",810,"Floristmeister",1985,"Jungingen","UVL"
"290",811,"Bankkauffrau",1961,"Lehr","UVL"
"291",812,"Hauswirtschaftsmeisterin",1979,"Jungingen","UVL"
"292",813,"Fahrlehrer",1963,"Lehr","UVL"
"293",814,"Schornsteinfegermeister",1965,"Jungingen","UVL"
"294",815,"med. Fußpflegerin",1967,"Lehr","UVL"
"295",816,"Bankkaufmann",1967,"Mähringen","UVL"
"296",817,"Fachangestellte für Arbeitsförderung",1984,"Jungingen","UVL"
"297",818,"Zahnmedizinische Fachangestellte",1968,"Lehr","UVL"
"298",819,"Informatiker",1977,"Jungingen","UVL"
"299",820,"Kfz-Mechatroniker",2000,"Mähringen","UVL"
"300",821,"Architekt",1980,"Jungingen","UVL"
"301",822,"Personalreferentin",1969,"Lehr","UVL"
"302",823,"Metallbaumeister",1976,"Jungingen","UVL"
"303",824,"Dipl.-Ingenieur",1961,"Lehr","UVL"
"304",825,"Qulitätsmanagerin",1990,"Mähringen","UVL"
"305",826,"Fachkauffrau für Büromanagement",1980,"Jungingen","UVL"
"306",827,"Arzt",1964,"Oststadt","UVL"
"307",828,"Schreiner",1966,"Jungingen","UVL"
"308",829,"Qualitätsmanagerin",1982,"Mähringen","UVL"
"309",830,"Oberveterinärrätin",1981,"Jungingen","UVL"
"310",831,"Systemadministrator",1971,"Lehr","UVL"
"311",832,"Dipl.-Ingenieur",1968,"Mähringen","UVL"
"312",833,"Geschäftsbereichsleitung Personal",1984,"Jungingen","UVL"
"313",834,"Kriminalbeamter i.R.",1957,"Jungingen","UVL"
"314",835,"Medizinisch-technische Laborassistentin",1982,"Lehr","UVL"
"315",836,"selbst. Stuckateurmeister",1977,"Mähringen","UVL"
"316",837,"Gymnasiallehrer",1971,"Jungingen","UVL"
"317",838,"Elektrotechniker",1985,"Jungingen","UVL"
"318",839,"Landwirt",1962,"Jungingen","UVL"
"319",840,"Arzt",1958,"Lehr","UVL"
"320",901,"Ärztin",1955,"Eselsberg","UfA"
"321",902,"Geschäftsführer",1970,"Weststadt","UfA"
"322",903,"Architektin",1966,"Mitte","UfA"
"323",904,"Hausarzt",1950,"Eselsberg","UfA"
"324",905,"Beamtin",1964,"Weststadt","UfA"
"325",906,"Justiziar",1968,"Mitte","UfA"
"326",907,"selbst. Gastronomin",1989,"Eselsberg","UfA"
"327",908,"Dipl.-Betriebswirt (BA)",1973,"Söflingen","UfA"
"328",909,"Student",2002,"Weststadt","UfA"
"329",910,"Inklusionsassistentin",1962,"Mitte","UfA"
"330",911,"Mieter- und Objektmanager",1980,"Einsingen","UfA"
"331",912,"Rechtsanwalt",1969,"Weststadt","UfA"
"332",913,"Geschäftsführer",1970,"Mitte","UfA"
"333",914,"Dipl.-Grafikdesignerin",1980,"Weststadt","UfA"
"334",915,"kaufm. Angestellte",1967,"Oststadt","UfA"
"335",916,"Kulturschaffender",1954,"Böfingen","UfA"
"336",917,"Unternehmer",1972,"Oststadt","UfA"
"337",918,"Schülerin",2006,"Mitte","UfA"
"338",919,"Studentin",2004,"Oststadt","UfA"
"339",920,"Arzt",1957,"Lehr","UfA"
"340",921,"Produktgestalter",1968,"Weststadt","UfA"
"341",922,"Kauffrau für Büromanagement",2000,"Söflingen","UfA"
"342",923,"Lektorin",1946,"Oststadt","UfA"
"343",924,"Orchestermusiker",1990,"Söflingen","UfA"
"344",925,"Steuerfachangestellte",1966,"Eselsberg","UfA"
"345",926,"selbst. Schreinermeister",1965,"Oststadt","UfA"
"346",927,"Theaterpädagogin",1958,"Weststadt","UfA"
"347",928,"Steuerberater",1976,"Jungingen","UfA"
"348",929,"Innenstadtberater",1958,"Eselsberg","UfA"
"349",930,"Lagerist",1963,"Weststadt","UfA"
"350",931,"Gastronom",1967,"Weststadt","UfA"
"351",932,"Student",2004,"Weststadt","UfA"
"352",933,"Student",2003,"Weststadt","UfA"
"353",934,"IT-Systemkaufmann",1988,"Eselsberg","UfA"
"354",935,"Ärztin",1990,"Eselsberg","UfA"
"355",936,"Rentnerin",1959,"Weststadt","UfA"
"356",937,"Sporttrainerin",1964,"Eselsberg","UfA"
"357",938,"Gastronomiefachkraft italienisch",1962,"Weststadt","UfA"
"358",939,"kaufm. Angestellter",1967,"Eselsberg","UfA"
"359",940,"Notar i.R.",1940,"Mitte","UfA"
"360",1001,"Sozial-und Kulturmanagerin",1958,"Weststadt","DIE LINKE"
"361",1002,"Betriebsrat",1965,"Mitte","DIE LINKE"
"362",1003,"gepr. Erzieherin",1988,"Mitte","DIE LINKE"
"363",1004,"Rentner",1955,"Wiblingen","DIE LINKE"
"364",1005,"Gesundheits-und Krankheitspflegerin",1970,"Eselsberg","DIE LINKE"
"365",1006,"Notfallsanitäter",1987,"Mitte","DIE LINKE"
"366",1007,"Psychologin (B.sc.)",1990,"Söflingen","DIE LINKE"
"367",1008,"Student",1990,"Söflingen","DIE LINKE"
"368",1009,"Laborhelferin",1969,"Weststadt","DIE LINKE"
"369",1010,"Industriemeister",1954,"Eselsberg","DIE LINKE"
"370",1011,"selbst. Tagespfelegeperson",1966,"Einsingen","DIE LINKE"
"371",1012,"wiss. Mitarbeiter",1990,"Weststadt","DIE LINKE"
"372",1013,"Lagerist i.R.",1939,"Mitte","DIE LINKE"
"373",1014,"Gewerkschaftssekretär",1982,"Eselsberg","DIE LINKE"
"374",1015,"kaufm. Angestellte",1974,"Eselsberg","DIE LINKE"
"375",1016,"Geschäftsführer",1986,"Böfingen","DIE LINKE"
"376",1017,"Notfallsanitäter",1983,"Weststadt","DIE LINKE"
"377",1018,"Student",2002,"Mitte","DIE LINKE"
"378",1019,"Studentin",1997,"Mitte","DIE LINKE"
"379",1020,"Elektrotechniker",1960,"Söflingen","DIE LINKE"
"380",1021,"Hausfrau",1970,"Böfingen","DIE LINKE"
"381",1022,"Verwaltungsmitarbeiter",1971,"Söflingen","DIE LINKE"
"382",1023,"Rentnerin",1953,"Weststadt","DIE LINKE"
"383",1024,"Projektentwickler",1952,"Weststadt","DIE LINKE"
"384",1025,"Ethnologin",1974,"Böfingen","DIE LINKE"
"385",1026,"wiss. Mitarbeiter",1996,"Oststadt","DIE LINKE"
"386",1027,"Rentnerin",1944,"Weststadt","DIE LINKE"
"387",1028,"Biologe",1985,"Eselsberg","DIE LINKE"
"388",1029,"Bankkauffrau",1995,"Böfingen","DIE LINKE"
"389",1030,"Übersetzer",1958,"Weststadt","DIE LINKE"
"390",1031,"Krankenschwester i.R.",1946,"Wiblingen","DIE LINKE"
"391",1032,"Auszubildender",2001,"Söflingen","DIE LINKE"
"392",1033,"Student",1995,"Oststadt","DIE LINKE"
"393",1034,"Rentner",1951,"Weststadt","DIE LINKE"
"394",1035,"Arbeiterin",1965,"Mitte","DIE LINKE"
"395",1036,"Krankenpflegehelferin",1974,"Böfingen","DIE LINKE"
"396",1037,"Künstlerin",1947,"Wiblingen","DIE LINKE"
"397",1038,"Arbeiter",1964,"Einsingen","DIE LINKE"
"398",1039,"kaufm. Angestellte",1959,"Eselsberg","DIE LINKE"
"399",1040,"Monteur",1951,"Eselsberg","DIE LINKE"
"400",1101,"Informatiker",1982,"Einsingen","PIRATEN"
"401",1102,"Rechtsanwalt",1967,"Einsingen","PIRATEN"
"402",1103,"selbständig",1990,"Einsingen","PIRATEN"
"403",1104,"IT-Systemadministrator",1974,"Weststadt","PIRATEN"
"404",1105,"Informatiker",1969,"Weststadt","PIRATEN"
"405",1106,"Biologe",1992,"Weststadt","PIRATEN"
"406",1107,"Arzt",1949,"Weststadt","PIRATEN"
"407",1108,"Geschäftsführer",1977,"Söflingen","PIRATEN"
"408",1109,"Rentner",1968,"Wiblingen","PIRATEN"
"409",1201,"Kulturmanager",1998,"Söflingen","BLO"
"410",1202,"Studentin",1996,"Donaustetten","BLO"
"411",1203,"Ingenieur",1977,"Lehr","BLO"
"412",1204,"Lehrer i.R.",1949,"Lehr","BLO"
"413",1205,"Student",2005,"Einsingen","BLO"
"414",1206,"Studentin",2000,"Jungingen","BLO"
"415",1207,"Arzt",1982,"Lehr","BLO"
"416",1208,"Landschaftsbautechniker",1965,"Donaustetten","BLO"
"417",1209,"Wirtschaftswissenschaftler",1990,"Gögglingen","BLO"
"418",1210,"Studentin",2003,"Jungingen","BLO"
"419",1211,"Consultant",1961,"Grimmelfingen","BLO"
"420",1212,"Oberfeldarzt",1961,"Lehr","BLO"
"421",1213,"Arzt",1952,"Eggingen","BLO"
"422",1214,"Arzthelferin",1974,"Lehr","BLO"
"423",1215,"Sportpsychologe",1988,"Söflingen","BLO"
"424",1216,"Auszubildender",2003,"Unterweiler","BLO"
"425",1217,"Facharzt",1967,"Donaustetten","BLO"
"426",1218,"Professor",1968,"Weststadt","BLO"
"427",1219,"Unternehmer",1968,"Donaustetten","BLO"
"428",1220,"Fachberater Vertrieb",1981,"Eggingen","BLO"
"429",1221,"Industriemeister",1989,"Ermingen","BLO"
"430",1222,"Masseurin",1976,"Lehr","BLO"
"431",1223,"Dipl.-Pädagogin",1985,"Jungingen","BLO"
"432",1224,"Dipl.-Sozialpädagogin",1962,"Donaustetten","BLO"
"433",1225,"Büroleiterin",1983,"Böfingen","BLO"
"434",1301,"Persönlicher Referent",1969,"Söflingen","AfD"
"435",1302,"Steuerberater",1990,"Lehr","AfD"
"436",1303,"Referent im Landtag",1992,"Eselsberg","AfD"
"437",1304,"Abteilungsleiter",1975,"Söflingen","AfD"
"438",1305,"Bus- und Straßenbahnfahrer",1971,"Mitte","AfD"
"439",1306,"Buchhalter",1971,"Eselsberg","AfD"
"440",1307,"kaufm. Angestellte",1965,"Wiblingen","AfD"
"441",1308,"Grafikdesigner",1962,"Wiblingen","AfD"
"442",1401,"Maschinenbautechniker z.Zt. in Sabbatjahr",1985,"Weststadt","Tierschutzpartei"
"443",1402,"Betriebsratsassistentin",1989,"Weststadt","Tierschutzpartei"
"444",1403,"Penetrationstester",1995,"Eselsberg","Tierschutzpartei"
"445",1404,"Galvaniseur",1982,"Lehr","Tierschutzpartei"
"446",1405,"Versicherungskauffrau",1962,"Weststadt","Tierschutzpartei"
"447",1406,"Student",1999,"Böfingen","Tierschutzpartei"
"448",1407,"Doktorand",1990,"Eselsberg","Tierschutzpartei"
"449",1408,"Ingenieur",1987,"Söflingen","Tierschutzpartei"
"450",1409,"Auszubildender",1988,"Söflingen","Tierschutzpartei"
"451",1410,"Studentin",2002,"Böfingen","Tierschutzpartei"
"452",1501,"Einzelhändlerin",1977,"Söflingen","KlimalisteBW"
"453",1502,"Geschäftsführer",1972,"Eselsberg","KlimalisteBW"
"454",1503,"Studentin",1996,"Mitte","KlimalisteBW"
"455",1504,"Projektleiter",1967,"Jungingen","KlimalisteBW"
"456",1505,"Psychologin",1999,"Söflingen","KlimalisteBW"
"457",1506,"Biologe",1996,"Söflingen","KlimalisteBW"
"458",1507,"Buchhändler",1958,"Söflingen","KlimalisteBW"
"459",1508,"Studentin",1998,"Weststadt","KlimalisteBW"
"460",1509,"Assistent der Teamleitung",1997,"Eselsberg","KlimalisteBW"
"461",1510,"Studentin",2002,"Mitte","KlimalisteBW"
"462",1511,"Dipl.-Ingenieur",1969,"Oststadt","KlimalisteBW"
"463",1512,"Gemeindereferentin",1968,"Eggingen","KlimalisteBW"
"464",1513,"Physiker",1994,"Mitte","KlimalisteBW"
"465",1514,"Sekretärin",1963,"Donaustetten","KlimalisteBW"
"466",1515,"Student",1998,"Weststadt","KlimalisteBW"
"467",1516,"Auszubildende",1967,"Söflingen","KlimalisteBW"
"468",1517,"Physiker",1959,"Böfingen","KlimalisteBW"
"469",1518,"Dipl.-Betriebswirtin",1984,"Söflingen","KlimalisteBW"
"470",1519,"Student",1998,"Oststadt","KlimalisteBW"
"471",1520,"Software Qualitätsmanager",1969,"Jungingen","KlimalisteBW"
"472",1521,"Projektmanager Windenergie",1972,"Eselsberg","KlimalisteBW"
"473",1522,"Lehrer i.R.",1955,"Böfingen","KlimalisteBW"
"474",1523,"Krankenschwester",1977,"Weststadt","KlimalisteBW"
"475",1524,"IT-Projektleiterin",1997,"Eselsberg","KlimalisteBW"
"476",1525,"Tierärztin",1959,"Eselsberg","KlimalisteBW"
"477",1526,"Geschäftsführerin",1984,"Böfingen","KlimalisteBW"
"478",1527,"Physiker, Data Scientist",1987,"Weststadt","KlimalisteBW"
"479",1528,"Heilerziehungspflegerin",1976,"Eselsberg","KlimalisteBW"
"480",1529,"Student",2001,"Weststadt","KlimalisteBW"
"481",1530,"SAP-Berater i.R.",1959,"Donaustetten","KlimalisteBW"
"482",1531,"selbst. Web- und AppProgrammierer",1987,"Mitte","KlimalisteBW"
"483",1532,"Dipl.-Ingenieur",1974,"Eselsberg","KlimalisteBW"
"484",1533,"Kunstlehrerin",1967,"Mitte","KlimalisteBW"
"485",1534,"Schulleiter i.R.",1954,"Weststadt","KlimalisteBW"
"486",1535,"Pädagogin",1968,"Weststadt","KlimalisteBW"
"487",1536,"selbst. Dipl.-Informatiker",1968,"Böfingen","KlimalisteBW"
"488",1537,"Psychologe",1996,"Ermingen","KlimalisteBW"
"489",1538,"selbst. Finanzplaner",1969,"Oststadt","KlimalisteBW"
"490",1539,"Gesundheitspädagogin",1969,"Mitte","KlimalisteBW"
"491",1540,"Berater für IT-Sicherheit",1981,"Söflingen","KlimalisteBW"
"492",1601,"Schülerin",2008,"Jungingen","JUL"
"493",1602,"Student",2003,"Weststadt","JUL"
"494",1603,"Studentin",1999,"Oststadt","JUL"
"495",1604,"Auszubildender",2004,"Söflingen","JUL"
"496",1605,"Student",2003,"Eselsberg","JUL"
"497",1606,"Student",2002,"Söflingen","JUL"
"498",1607,"Student",2001,"Weststadt","JUL"
"499",1608,"Studentin",2003,"Eselsberg","JUL"
"500",1609,"Student",2003,"Gögglingen","JUL"
"501",1610,"Student",2000,"Wiblingen","JUL"
"502",1611,"Auszubildende",2003,"Weststadt","JUL"
"503",1612,"Auszubildende",1999,"Lehr","JUL"
"504",1613,"Studentin",2002,"Eselsberg","JUL"
"505",1614,"Auszubildender",2002,"Weststadt","JUL"
"506",1615,"Auszubildender",2001,"Jungingen","JUL"
"507",1616,"Schülerin",2006,"Jungingen","JUL"
